"","x","y"
"1",0,0.000375187593795895
"2",0.0256410256410256,0.000375187593795895
"3",0.0512820512820513,0.000375187593795895
"4",0.0769230769230769,0.000375187593795895
"5",0.102564102564103,0.000375187593795895
"6",0.128205128205128,0.000375187593795895
"7",0.153846153846154,0.000375187593795895
"8",0.179487179487179,0.000375187593795895
"9",0.205128205128205,0.000375187593795895
"10",0.230769230769231,0.000375187593795895
"11",0.256410256410256,0.000375187593795895
"12",0.282051282051282,0.000375187593795895
"13",0.307692307692308,0.000375187593795895
"14",0.333333333333333,0.000375187593795895
"15",0.358974358974359,0.000375187593795895
"16",0.384615384615385,0.000375187593795895
"17",0.41025641025641,0.000375187593795895
"18",0.435897435897436,0.000375187593795895
"19",0.461538461538462,0.000375187593795895
"20",0.487179487179487,0.000375187593795895
"21",0.512820512820513,0.000375187593795895
"22",0.538461538461538,0.000375187593795895
"23",0.564102564102564,0.000375187593795895
"24",0.58974358974359,0.000375187593795895
"25",0.615384615384615,0.000375187593795895
"26",0.641025641025641,0.000375187593795895
"27",0.666666666666667,0.000375187593795895
"28",0.692307692307692,0.000375187593795895
"29",0.717948717948718,0.000375187593795895
"30",0.743589743589744,0.000375187593795895
"31",0.769230769230769,0.000375187593795895
"32",0.794871794871795,0.000375187593795895
"33",0.82051282051282,0.000375187593795895
"34",0.846153846153846,0.000375187593795895
"35",0.871794871794872,0.000375187593795895
"36",0.897435897435897,0.000375187593795895
"37",0.923076923076923,0.000375187593795895
"38",0.948717948717949,0.000375187593795895
"39",0.974358974358974,0.000375187593795895
"40",1,0.000375187593795895
"41",0,0.0196059568245652
"42",0.0256410256410256,0.0196059568245652
"43",0.0512820512820513,0.0196059568245652
"44",0.0769230769230769,0.0196059568245652
"45",0.102564102564103,0.0196059568245652
"46",0.128205128205128,0.0196059568245652
"47",0.153846153846154,0.0196059568245652
"48",0.179487179487179,0.0196059568245652
"49",0.205128205128205,0.0196059568245652
"50",0.230769230769231,0.0196059568245652
"51",0.256410256410256,0.0196059568245652
"52",0.282051282051282,0.0196059568245652
"53",0.307692307692308,0.0196059568245652
"54",0.333333333333333,0.0196059568245652
"55",0.358974358974359,0.0196059568245652
"56",0.384615384615385,0.0196059568245652
"57",0.41025641025641,0.0196059568245652
"58",0.435897435897436,0.0196059568245652
"59",0.461538461538462,0.0196059568245652
"60",0.487179487179487,0.0196059568245652
"61",0.512820512820513,0.0196059568245652
"62",0.538461538461538,0.0196059568245652
"63",0.564102564102564,0.0196059568245652
"64",0.58974358974359,0.0196059568245652
"65",0.615384615384615,0.0196059568245652
"66",0.641025641025641,0.0196059568245652
"67",0.666666666666667,0.0196059568245652
"68",0.692307692307692,0.0196059568245652
"69",0.717948717948718,0.0196059568245652
"70",0.743589743589744,0.0196059568245652
"71",0.769230769230769,0.0196059568245652
"72",0.794871794871795,0.0196059568245652
"73",0.82051282051282,0.0196059568245652
"74",0.846153846153846,0.0196059568245652
"75",0.871794871794872,0.0196059568245652
"76",0.897435897435897,0.0196059568245652
"77",0.923076923076923,0.0196059568245652
"78",0.948717948717949,0.0196059568245652
"79",0.974358974358974,0.0196059568245652
"80",1,0.0196059568245652
"81",0,0.0388367260553345
"82",0.0256410256410256,0.0388367260553345
"83",0.0512820512820513,0.0388367260553345
"84",0.0769230769230769,0.0388367260553345
"85",0.102564102564103,0.0388367260553345
"86",0.128205128205128,0.0388367260553345
"87",0.153846153846154,0.0388367260553345
"88",0.179487179487179,0.0388367260553345
"89",0.205128205128205,0.0388367260553345
"90",0.230769230769231,0.0388367260553345
"91",0.256410256410256,0.0388367260553345
"92",0.282051282051282,0.0388367260553345
"93",0.307692307692308,0.0388367260553345
"94",0.333333333333333,0.0388367260553345
"95",0.358974358974359,0.0388367260553345
"96",0.384615384615385,0.0388367260553345
"97",0.41025641025641,0.0388367260553345
"98",0.435897435897436,0.0388367260553345
"99",0.461538461538462,0.0388367260553345
"100",0.487179487179487,0.0388367260553345
"101",0.512820512820513,0.0388367260553345
"102",0.538461538461538,0.0388367260553345
"103",0.564102564102564,0.0388367260553345
"104",0.58974358974359,0.0388367260553345
"105",0.615384615384615,0.0388367260553345
"106",0.641025641025641,0.0388367260553345
"107",0.666666666666667,0.0388367260553345
"108",0.692307692307692,0.0388367260553345
"109",0.717948717948718,0.0388367260553345
"110",0.743589743589744,0.0388367260553345
"111",0.769230769230769,0.0388367260553345
"112",0.794871794871795,0.0388367260553345
"113",0.82051282051282,0.0388367260553345
"114",0.846153846153846,0.0388367260553345
"115",0.871794871794872,0.0388367260553345
"116",0.897435897435897,0.0388367260553345
"117",0.923076923076923,0.0388367260553345
"118",0.948717948717949,0.0388367260553345
"119",0.974358974358974,0.0388367260553345
"120",1,0.0388367260553345
"121",0,0.0580674952861039
"122",0.0256410256410256,0.0580674952861039
"123",0.0512820512820513,0.0580674952861039
"124",0.0769230769230769,0.0580674952861039
"125",0.102564102564103,0.0580674952861039
"126",0.128205128205128,0.0580674952861039
"127",0.153846153846154,0.0580674952861039
"128",0.179487179487179,0.0580674952861039
"129",0.205128205128205,0.0580674952861039
"130",0.230769230769231,0.0580674952861039
"131",0.256410256410256,0.0580674952861039
"132",0.282051282051282,0.0580674952861039
"133",0.307692307692308,0.0580674952861039
"134",0.333333333333333,0.0580674952861039
"135",0.358974358974359,0.0580674952861039
"136",0.384615384615385,0.0580674952861039
"137",0.41025641025641,0.0580674952861039
"138",0.435897435897436,0.0580674952861039
"139",0.461538461538462,0.0580674952861039
"140",0.487179487179487,0.0580674952861039
"141",0.512820512820513,0.0580674952861039
"142",0.538461538461538,0.0580674952861039
"143",0.564102564102564,0.0580674952861039
"144",0.58974358974359,0.0580674952861039
"145",0.615384615384615,0.0580674952861039
"146",0.641025641025641,0.0580674952861039
"147",0.666666666666667,0.0580674952861039
"148",0.692307692307692,0.0580674952861039
"149",0.717948717948718,0.0580674952861039
"150",0.743589743589744,0.0580674952861039
"151",0.769230769230769,0.0580674952861039
"152",0.794871794871795,0.0580674952861039
"153",0.82051282051282,0.0580674952861039
"154",0.846153846153846,0.0580674952861039
"155",0.871794871794872,0.0580674952861039
"156",0.897435897435897,0.0580674952861039
"157",0.923076923076923,0.0580674952861039
"158",0.948717948717949,0.0580674952861039
"159",0.974358974358974,0.0580674952861039
"160",1,0.0580674952861039
"161",0,0.0772982645168732
"162",0.0256410256410256,0.0772982645168732
"163",0.0512820512820513,0.0772982645168732
"164",0.0769230769230769,0.0772982645168732
"165",0.102564102564103,0.0772982645168732
"166",0.128205128205128,0.0772982645168732
"167",0.153846153846154,0.0772982645168732
"168",0.179487179487179,0.0772982645168732
"169",0.205128205128205,0.0772982645168732
"170",0.230769230769231,0.0772982645168732
"171",0.256410256410256,0.0772982645168732
"172",0.282051282051282,0.0772982645168732
"173",0.307692307692308,0.0772982645168732
"174",0.333333333333333,0.0772982645168732
"175",0.358974358974359,0.0772982645168732
"176",0.384615384615385,0.0772982645168732
"177",0.41025641025641,0.0772982645168732
"178",0.435897435897436,0.0772982645168732
"179",0.461538461538462,0.0772982645168732
"180",0.487179487179487,0.0772982645168732
"181",0.512820512820513,0.0772982645168732
"182",0.538461538461538,0.0772982645168732
"183",0.564102564102564,0.0772982645168732
"184",0.58974358974359,0.0772982645168732
"185",0.615384615384615,0.0772982645168732
"186",0.641025641025641,0.0772982645168732
"187",0.666666666666667,0.0772982645168732
"188",0.692307692307692,0.0772982645168732
"189",0.717948717948718,0.0772982645168732
"190",0.743589743589744,0.0772982645168732
"191",0.769230769230769,0.0772982645168732
"192",0.794871794871795,0.0772982645168732
"193",0.82051282051282,0.0772982645168732
"194",0.846153846153846,0.0772982645168732
"195",0.871794871794872,0.0772982645168732
"196",0.897435897435897,0.0772982645168732
"197",0.923076923076923,0.0772982645168732
"198",0.948717948717949,0.0772982645168732
"199",0.974358974358974,0.0772982645168732
"200",1,0.0772982645168732
"201",0,0.0983504572799214
"202",0.0256410256410256,0.0983504572799214
"203",0.0512820512820513,0.0983504572799214
"204",0.0769230769230769,0.0983504572799214
"205",0.102564102564103,0.0983504572799214
"206",0.128205128205128,0.0983504572799214
"207",0.153846153846154,0.0983504572799214
"208",0.179487179487179,0.0983504572799214
"209",0.205128205128205,0.0983504572799214
"210",0.230769230769231,0.0983504572799214
"211",0.256410256410256,0.0983504572799214
"212",0.282051282051282,0.0983504572799214
"213",0.307692307692308,0.0983504572799214
"214",0.333333333333333,0.0983504572799214
"215",0.358974358974359,0.0983504572799214
"216",0.384615384615385,0.0983504572799214
"217",0.41025641025641,0.0983504572799214
"218",0.435897435897436,0.0983504572799214
"219",0.461538461538462,0.0983504572799214
"220",0.487179487179487,0.0983504572799214
"221",0.512820512820513,0.0983504572799214
"222",0.538461538461538,0.0983504572799214
"223",0.564102564102564,0.0983504572799214
"224",0.58974358974359,0.0983504572799214
"225",0.615384615384615,0.0983504572799214
"226",0.641025641025641,0.0983504572799214
"227",0.666666666666667,0.0983504572799214
"228",0.692307692307692,0.0983504572799214
"229",0.717948717948718,0.0983504572799214
"230",0.743589743589744,0.0983504572799214
"231",0.769230769230769,0.0983504572799214
"232",0.794871794871795,0.0983504572799214
"233",0.82051282051282,0.0983504572799214
"234",0.846153846153846,0.0983504572799214
"235",0.871794871794872,0.0983504572799214
"236",0.897435897435897,0.0983504572799214
"237",0.923076923076923,0.0983504572799214
"238",0.948717948717949,0.0983504572799214
"239",0.974358974358974,0.0983504572799214
"240",1,0.0983504572799214
"241",0,0.130401739331204
"242",0.0256410256410256,0.130401739331204
"243",0.0512820512820513,0.130401739331204
"244",0.0769230769230769,0.130401739331204
"245",0.102564102564103,0.130401739331204
"246",0.128205128205128,0.130401739331204
"247",0.153846153846154,0.130401739331204
"248",0.179487179487179,0.130401739331204
"249",0.205128205128205,0.130401739331204
"250",0.230769230769231,0.130401739331204
"251",0.256410256410256,0.130401739331204
"252",0.282051282051282,0.130401739331204
"253",0.307692307692308,0.130401739331204
"254",0.333333333333333,0.130401739331204
"255",0.358974358974359,0.130401739331204
"256",0.384615384615385,0.130401739331204
"257",0.41025641025641,0.130401739331204
"258",0.435897435897436,0.130401739331204
"259",0.461538461538462,0.130401739331204
"260",0.487179487179487,0.130401739331204
"261",0.512820512820513,0.130401739331204
"262",0.538461538461538,0.130401739331204
"263",0.564102564102564,0.130401739331204
"264",0.58974358974359,0.130401739331204
"265",0.615384615384615,0.130401739331204
"266",0.641025641025641,0.130401739331204
"267",0.666666666666667,0.130401739331204
"268",0.692307692307692,0.130401739331204
"269",0.717948717948718,0.130401739331204
"270",0.743589743589744,0.130401739331204
"271",0.769230769230769,0.130401739331204
"272",0.794871794871795,0.130401739331204
"273",0.82051282051282,0.130401739331204
"274",0.846153846153846,0.130401739331204
"275",0.871794871794872,0.130401739331204
"276",0.897435897435897,0.130401739331204
"277",0.923076923076923,0.130401739331204
"278",0.948717948717949,0.130401739331204
"279",0.974358974358974,0.130401739331204
"280",1,0.130401739331204
"281",0,0.162453021382486
"282",0.0256410256410256,0.162453021382486
"283",0.0512820512820513,0.162453021382486
"284",0.0769230769230769,0.162453021382486
"285",0.102564102564103,0.162453021382486
"286",0.128205128205128,0.162453021382486
"287",0.153846153846154,0.162453021382486
"288",0.179487179487179,0.162453021382486
"289",0.205128205128205,0.162453021382486
"290",0.230769230769231,0.162453021382486
"291",0.256410256410256,0.162453021382486
"292",0.282051282051282,0.162453021382486
"293",0.307692307692308,0.162453021382486
"294",0.333333333333333,0.162453021382486
"295",0.358974358974359,0.162453021382486
"296",0.384615384615385,0.162453021382486
"297",0.41025641025641,0.162453021382486
"298",0.435897435897436,0.162453021382486
"299",0.461538461538462,0.162453021382486
"300",0.487179487179487,0.162453021382486
"301",0.512820512820513,0.162453021382486
"302",0.538461538461538,0.162453021382486
"303",0.564102564102564,0.162453021382486
"304",0.58974358974359,0.162453021382486
"305",0.615384615384615,0.162453021382486
"306",0.641025641025641,0.162453021382486
"307",0.666666666666667,0.162453021382486
"308",0.692307692307692,0.162453021382486
"309",0.717948717948718,0.162453021382486
"310",0.743589743589744,0.162453021382486
"311",0.769230769230769,0.162453021382486
"312",0.794871794871795,0.162453021382486
"313",0.82051282051282,0.162453021382486
"314",0.846153846153846,0.162453021382486
"315",0.871794871794872,0.162453021382486
"316",0.897435897435897,0.162453021382486
"317",0.923076923076923,0.162453021382486
"318",0.948717948717949,0.162453021382486
"319",0.974358974358974,0.162453021382486
"320",1,0.162453021382486
"321",0,0.194504303433768
"322",0.0256410256410256,0.194504303433768
"323",0.0512820512820513,0.194504303433768
"324",0.0769230769230769,0.194504303433768
"325",0.102564102564103,0.194504303433768
"326",0.128205128205128,0.194504303433768
"327",0.153846153846154,0.194504303433768
"328",0.179487179487179,0.194504303433768
"329",0.205128205128205,0.194504303433768
"330",0.230769230769231,0.194504303433768
"331",0.256410256410256,0.194504303433768
"332",0.282051282051282,0.194504303433768
"333",0.307692307692308,0.194504303433768
"334",0.333333333333333,0.194504303433768
"335",0.358974358974359,0.194504303433768
"336",0.384615384615385,0.194504303433768
"337",0.41025641025641,0.194504303433768
"338",0.435897435897436,0.194504303433768
"339",0.461538461538462,0.194504303433768
"340",0.487179487179487,0.194504303433768
"341",0.512820512820513,0.194504303433768
"342",0.538461538461538,0.194504303433768
"343",0.564102564102564,0.194504303433768
"344",0.58974358974359,0.194504303433768
"345",0.615384615384615,0.194504303433768
"346",0.641025641025641,0.194504303433768
"347",0.666666666666667,0.194504303433768
"348",0.692307692307692,0.194504303433768
"349",0.717948717948718,0.194504303433768
"350",0.743589743589744,0.194504303433768
"351",0.769230769230769,0.194504303433768
"352",0.794871794871795,0.194504303433768
"353",0.82051282051282,0.194504303433768
"354",0.846153846153846,0.194504303433768
"355",0.871794871794872,0.194504303433768
"356",0.897435897435897,0.194504303433768
"357",0.923076923076923,0.194504303433768
"358",0.948717948717949,0.194504303433768
"359",0.974358974358974,0.194504303433768
"360",1,0.194504303433768
"361",0,0.22655558548505
"362",0.0256410256410256,0.22655558548505
"363",0.0512820512820513,0.22655558548505
"364",0.0769230769230769,0.22655558548505
"365",0.102564102564103,0.22655558548505
"366",0.128205128205128,0.22655558548505
"367",0.153846153846154,0.22655558548505
"368",0.179487179487179,0.22655558548505
"369",0.205128205128205,0.22655558548505
"370",0.230769230769231,0.22655558548505
"371",0.256410256410256,0.22655558548505
"372",0.282051282051282,0.22655558548505
"373",0.307692307692308,0.22655558548505
"374",0.333333333333333,0.22655558548505
"375",0.358974358974359,0.22655558548505
"376",0.384615384615385,0.22655558548505
"377",0.41025641025641,0.22655558548505
"378",0.435897435897436,0.22655558548505
"379",0.461538461538462,0.22655558548505
"380",0.487179487179487,0.22655558548505
"381",0.512820512820513,0.22655558548505
"382",0.538461538461538,0.22655558548505
"383",0.564102564102564,0.22655558548505
"384",0.58974358974359,0.22655558548505
"385",0.615384615384615,0.22655558548505
"386",0.641025641025641,0.22655558548505
"387",0.666666666666667,0.22655558548505
"388",0.692307692307692,0.22655558548505
"389",0.717948717948718,0.22655558548505
"390",0.743589743589744,0.22655558548505
"391",0.769230769230769,0.22655558548505
"392",0.794871794871795,0.22655558548505
"393",0.82051282051282,0.22655558548505
"394",0.846153846153846,0.22655558548505
"395",0.871794871794872,0.22655558548505
"396",0.897435897435897,0.22655558548505
"397",0.923076923076923,0.22655558548505
"398",0.948717948717949,0.22655558548505
"399",0.974358974358974,0.22655558548505
"400",1,0.22655558548505
"401",0,0.258606867536332
"402",0.0256410256410256,0.258606867536332
"403",0.0512820512820513,0.258606867536332
"404",0.0769230769230769,0.258606867536332
"405",0.102564102564103,0.258606867536332
"406",0.128205128205128,0.258606867536332
"407",0.153846153846154,0.258606867536332
"408",0.179487179487179,0.258606867536332
"409",0.205128205128205,0.258606867536332
"410",0.230769230769231,0.258606867536332
"411",0.256410256410256,0.258606867536332
"412",0.282051282051282,0.258606867536332
"413",0.307692307692308,0.258606867536332
"414",0.333333333333333,0.258606867536332
"415",0.358974358974359,0.258606867536332
"416",0.384615384615385,0.258606867536332
"417",0.41025641025641,0.258606867536332
"418",0.435897435897436,0.258606867536332
"419",0.461538461538462,0.258606867536332
"420",0.487179487179487,0.258606867536332
"421",0.512820512820513,0.258606867536332
"422",0.538461538461538,0.258606867536332
"423",0.564102564102564,0.258606867536332
"424",0.58974358974359,0.258606867536332
"425",0.615384615384615,0.258606867536332
"426",0.641025641025641,0.258606867536332
"427",0.666666666666667,0.258606867536332
"428",0.692307692307692,0.258606867536332
"429",0.717948717948718,0.258606867536332
"430",0.743589743589744,0.258606867536332
"431",0.769230769230769,0.258606867536332
"432",0.794871794871795,0.258606867536332
"433",0.82051282051282,0.258606867536332
"434",0.846153846153846,0.258606867536332
"435",0.871794871794872,0.258606867536332
"436",0.897435897435897,0.258606867536332
"437",0.923076923076923,0.258606867536332
"438",0.948717948717949,0.258606867536332
"439",0.974358974358974,0.258606867536332
"440",1,0.258606867536332
"441",0,0.290658149587614
"442",0.0256410256410256,0.290658149587614
"443",0.0512820512820513,0.290658149587614
"444",0.0769230769230769,0.290658149587614
"445",0.102564102564103,0.290658149587614
"446",0.128205128205128,0.290658149587614
"447",0.153846153846154,0.290658149587614
"448",0.179487179487179,0.290658149587614
"449",0.205128205128205,0.290658149587614
"450",0.230769230769231,0.290658149587614
"451",0.256410256410256,0.290658149587614
"452",0.282051282051282,0.290658149587614
"453",0.307692307692308,0.290658149587614
"454",0.333333333333333,0.290658149587614
"455",0.358974358974359,0.290658149587614
"456",0.384615384615385,0.290658149587614
"457",0.41025641025641,0.290658149587614
"458",0.435897435897436,0.290658149587614
"459",0.461538461538462,0.290658149587614
"460",0.487179487179487,0.290658149587614
"461",0.512820512820513,0.290658149587614
"462",0.538461538461538,0.290658149587614
"463",0.564102564102564,0.290658149587614
"464",0.58974358974359,0.290658149587614
"465",0.615384615384615,0.290658149587614
"466",0.641025641025641,0.290658149587614
"467",0.666666666666667,0.290658149587614
"468",0.692307692307692,0.290658149587614
"469",0.717948717948718,0.290658149587614
"470",0.743589743589744,0.290658149587614
"471",0.769230769230769,0.290658149587614
"472",0.794871794871795,0.290658149587614
"473",0.82051282051282,0.290658149587614
"474",0.846153846153846,0.290658149587614
"475",0.871794871794872,0.290658149587614
"476",0.897435897435897,0.290658149587614
"477",0.923076923076923,0.290658149587614
"478",0.948717948717949,0.290658149587614
"479",0.974358974358974,0.290658149587614
"480",1,0.290658149587614
"481",0,0.322709431638896
"482",0.0256410256410256,0.322709431638896
"483",0.0512820512820513,0.322709431638896
"484",0.0769230769230769,0.322709431638896
"485",0.102564102564103,0.322709431638896
"486",0.128205128205128,0.322709431638896
"487",0.153846153846154,0.322709431638896
"488",0.179487179487179,0.322709431638896
"489",0.205128205128205,0.322709431638896
"490",0.230769230769231,0.322709431638896
"491",0.256410256410256,0.322709431638896
"492",0.282051282051282,0.322709431638896
"493",0.307692307692308,0.322709431638896
"494",0.333333333333333,0.322709431638896
"495",0.358974358974359,0.322709431638896
"496",0.384615384615385,0.322709431638896
"497",0.41025641025641,0.322709431638896
"498",0.435897435897436,0.322709431638896
"499",0.461538461538462,0.322709431638896
"500",0.487179487179487,0.322709431638896
"501",0.512820512820513,0.322709431638896
"502",0.538461538461538,0.322709431638896
"503",0.564102564102564,0.322709431638896
"504",0.58974358974359,0.322709431638896
"505",0.615384615384615,0.322709431638896
"506",0.641025641025641,0.322709431638896
"507",0.666666666666667,0.322709431638896
"508",0.692307692307692,0.322709431638896
"509",0.717948717948718,0.322709431638896
"510",0.743589743589744,0.322709431638896
"511",0.769230769230769,0.322709431638896
"512",0.794871794871795,0.322709431638896
"513",0.82051282051282,0.322709431638896
"514",0.846153846153846,0.322709431638896
"515",0.871794871794872,0.322709431638896
"516",0.897435897435897,0.322709431638896
"517",0.923076923076923,0.322709431638896
"518",0.948717948717949,0.322709431638896
"519",0.974358974358974,0.322709431638896
"520",1,0.322709431638896
"521",0,0.354760713690178
"522",0.0256410256410256,0.354760713690178
"523",0.0512820512820513,0.354760713690178
"524",0.0769230769230769,0.354760713690178
"525",0.102564102564103,0.354760713690178
"526",0.128205128205128,0.354760713690178
"527",0.153846153846154,0.354760713690178
"528",0.179487179487179,0.354760713690178
"529",0.205128205128205,0.354760713690178
"530",0.230769230769231,0.354760713690178
"531",0.256410256410256,0.354760713690178
"532",0.282051282051282,0.354760713690178
"533",0.307692307692308,0.354760713690178
"534",0.333333333333333,0.354760713690178
"535",0.358974358974359,0.354760713690178
"536",0.384615384615385,0.354760713690178
"537",0.41025641025641,0.354760713690178
"538",0.435897435897436,0.354760713690178
"539",0.461538461538462,0.354760713690178
"540",0.487179487179487,0.354760713690178
"541",0.512820512820513,0.354760713690178
"542",0.538461538461538,0.354760713690178
"543",0.564102564102564,0.354760713690178
"544",0.58974358974359,0.354760713690178
"545",0.615384615384615,0.354760713690178
"546",0.641025641025641,0.354760713690178
"547",0.666666666666667,0.354760713690178
"548",0.692307692307692,0.354760713690178
"549",0.717948717948718,0.354760713690178
"550",0.743589743589744,0.354760713690178
"551",0.769230769230769,0.354760713690178
"552",0.794871794871795,0.354760713690178
"553",0.82051282051282,0.354760713690178
"554",0.846153846153846,0.354760713690178
"555",0.871794871794872,0.354760713690178
"556",0.897435897435897,0.354760713690178
"557",0.923076923076923,0.354760713690178
"558",0.948717948717949,0.354760713690178
"559",0.974358974358974,0.354760713690178
"560",1,0.354760713690178
"561",0,0.38681199574146
"562",0.0256410256410256,0.38681199574146
"563",0.0512820512820513,0.38681199574146
"564",0.0769230769230769,0.38681199574146
"565",0.102564102564103,0.38681199574146
"566",0.128205128205128,0.38681199574146
"567",0.153846153846154,0.38681199574146
"568",0.179487179487179,0.38681199574146
"569",0.205128205128205,0.38681199574146
"570",0.230769230769231,0.38681199574146
"571",0.256410256410256,0.38681199574146
"572",0.282051282051282,0.38681199574146
"573",0.307692307692308,0.38681199574146
"574",0.333333333333333,0.38681199574146
"575",0.358974358974359,0.38681199574146
"576",0.384615384615385,0.38681199574146
"577",0.41025641025641,0.38681199574146
"578",0.435897435897436,0.38681199574146
"579",0.461538461538462,0.38681199574146
"580",0.487179487179487,0.38681199574146
"581",0.512820512820513,0.38681199574146
"582",0.538461538461538,0.38681199574146
"583",0.564102564102564,0.38681199574146
"584",0.58974358974359,0.38681199574146
"585",0.615384615384615,0.38681199574146
"586",0.641025641025641,0.38681199574146
"587",0.666666666666667,0.38681199574146
"588",0.692307692307692,0.38681199574146
"589",0.717948717948718,0.38681199574146
"590",0.743589743589744,0.38681199574146
"591",0.769230769230769,0.38681199574146
"592",0.794871794871795,0.38681199574146
"593",0.82051282051282,0.38681199574146
"594",0.846153846153846,0.38681199574146
"595",0.871794871794872,0.38681199574146
"596",0.897435897435897,0.38681199574146
"597",0.923076923076923,0.38681199574146
"598",0.948717948717949,0.38681199574146
"599",0.974358974358974,0.38681199574146
"600",1,0.38681199574146
"601",0,0.413899257320968
"602",0.0256410256410256,0.413899257320968
"603",0.0512820512820513,0.413899257320968
"604",0.0769230769230769,0.413899257320968
"605",0.102564102564103,0.413899257320968
"606",0.128205128205128,0.413899257320968
"607",0.153846153846154,0.413899257320968
"608",0.179487179487179,0.413899257320968
"609",0.205128205128205,0.413899257320968
"610",0.230769230769231,0.413899257320968
"611",0.256410256410256,0.413899257320968
"612",0.282051282051282,0.413899257320968
"613",0.307692307692308,0.413899257320968
"614",0.333333333333333,0.413899257320968
"615",0.358974358974359,0.413899257320968
"616",0.384615384615385,0.413899257320968
"617",0.41025641025641,0.413899257320968
"618",0.435897435897436,0.413899257320968
"619",0.461538461538462,0.413899257320968
"620",0.487179487179487,0.413899257320968
"621",0.512820512820513,0.413899257320968
"622",0.538461538461538,0.413899257320968
"623",0.564102564102564,0.413899257320968
"624",0.58974358974359,0.413899257320968
"625",0.615384615384615,0.413899257320968
"626",0.641025641025641,0.413899257320968
"627",0.666666666666667,0.413899257320968
"628",0.692307692307692,0.413899257320968
"629",0.717948717948718,0.413899257320968
"630",0.743589743589744,0.413899257320968
"631",0.769230769230769,0.413899257320968
"632",0.794871794871795,0.413899257320968
"633",0.82051282051282,0.413899257320968
"634",0.846153846153846,0.413899257320968
"635",0.871794871794872,0.413899257320968
"636",0.897435897435897,0.413899257320968
"637",0.923076923076923,0.413899257320968
"638",0.948717948717949,0.413899257320968
"639",0.974358974358974,0.413899257320968
"640",1,0.413899257320968
"641",0,0.433130026551737
"642",0.0256410256410256,0.433130026551737
"643",0.0512820512820513,0.433130026551737
"644",0.0769230769230769,0.433130026551737
"645",0.102564102564103,0.433130026551737
"646",0.128205128205128,0.433130026551737
"647",0.153846153846154,0.433130026551737
"648",0.179487179487179,0.433130026551737
"649",0.205128205128205,0.433130026551737
"650",0.230769230769231,0.433130026551737
"651",0.256410256410256,0.433130026551737
"652",0.282051282051282,0.433130026551737
"653",0.307692307692308,0.433130026551737
"654",0.333333333333333,0.433130026551737
"655",0.358974358974359,0.433130026551737
"656",0.384615384615385,0.433130026551737
"657",0.41025641025641,0.433130026551737
"658",0.435897435897436,0.433130026551737
"659",0.461538461538462,0.433130026551737
"660",0.487179487179487,0.433130026551737
"661",0.512820512820513,0.433130026551737
"662",0.538461538461538,0.433130026551737
"663",0.564102564102564,0.433130026551737
"664",0.58974358974359,0.433130026551737
"665",0.615384615384615,0.433130026551737
"666",0.641025641025641,0.433130026551737
"667",0.666666666666667,0.433130026551737
"668",0.692307692307692,0.433130026551737
"669",0.717948717948718,0.433130026551737
"670",0.743589743589744,0.433130026551737
"671",0.769230769230769,0.433130026551737
"672",0.794871794871795,0.433130026551737
"673",0.82051282051282,0.433130026551737
"674",0.846153846153846,0.433130026551737
"675",0.871794871794872,0.433130026551737
"676",0.897435897435897,0.433130026551737
"677",0.923076923076923,0.433130026551737
"678",0.948717948717949,0.433130026551737
"679",0.974358974358974,0.433130026551737
"680",1,0.433130026551737
"681",0,0.452360795782506
"682",0.0256410256410256,0.452360795782506
"683",0.0512820512820513,0.452360795782506
"684",0.0769230769230769,0.452360795782506
"685",0.102564102564103,0.452360795782506
"686",0.128205128205128,0.452360795782506
"687",0.153846153846154,0.452360795782506
"688",0.179487179487179,0.452360795782506
"689",0.205128205128205,0.452360795782506
"690",0.230769230769231,0.452360795782506
"691",0.256410256410256,0.452360795782506
"692",0.282051282051282,0.452360795782506
"693",0.307692307692308,0.452360795782506
"694",0.333333333333333,0.452360795782506
"695",0.358974358974359,0.452360795782506
"696",0.384615384615385,0.452360795782506
"697",0.41025641025641,0.452360795782506
"698",0.435897435897436,0.452360795782506
"699",0.461538461538462,0.452360795782506
"700",0.487179487179487,0.452360795782506
"701",0.512820512820513,0.452360795782506
"702",0.538461538461538,0.452360795782506
"703",0.564102564102564,0.452360795782506
"704",0.58974358974359,0.452360795782506
"705",0.615384615384615,0.452360795782506
"706",0.641025641025641,0.452360795782506
"707",0.666666666666667,0.452360795782506
"708",0.692307692307692,0.452360795782506
"709",0.717948717948718,0.452360795782506
"710",0.743589743589744,0.452360795782506
"711",0.769230769230769,0.452360795782506
"712",0.794871794871795,0.452360795782506
"713",0.82051282051282,0.452360795782506
"714",0.846153846153846,0.452360795782506
"715",0.871794871794872,0.452360795782506
"716",0.897435897435897,0.452360795782506
"717",0.923076923076923,0.452360795782506
"718",0.948717948717949,0.452360795782506
"719",0.974358974358974,0.452360795782506
"720",1,0.452360795782506
"721",0,0.471591565013276
"722",0.0256410256410256,0.471591565013276
"723",0.0512820512820513,0.471591565013276
"724",0.0769230769230769,0.471591565013276
"725",0.102564102564103,0.471591565013276
"726",0.128205128205128,0.471591565013276
"727",0.153846153846154,0.471591565013276
"728",0.179487179487179,0.471591565013276
"729",0.205128205128205,0.471591565013276
"730",0.230769230769231,0.471591565013276
"731",0.256410256410256,0.471591565013276
"732",0.282051282051282,0.471591565013276
"733",0.307692307692308,0.471591565013276
"734",0.333333333333333,0.471591565013276
"735",0.358974358974359,0.471591565013276
"736",0.384615384615385,0.471591565013276
"737",0.41025641025641,0.471591565013276
"738",0.435897435897436,0.471591565013276
"739",0.461538461538462,0.471591565013276
"740",0.487179487179487,0.471591565013276
"741",0.512820512820513,0.471591565013276
"742",0.538461538461538,0.471591565013276
"743",0.564102564102564,0.471591565013276
"744",0.58974358974359,0.471591565013276
"745",0.615384615384615,0.471591565013276
"746",0.641025641025641,0.471591565013276
"747",0.666666666666667,0.471591565013276
"748",0.692307692307692,0.471591565013276
"749",0.717948717948718,0.471591565013276
"750",0.743589743589744,0.471591565013276
"751",0.769230769230769,0.471591565013276
"752",0.794871794871795,0.471591565013276
"753",0.82051282051282,0.471591565013276
"754",0.846153846153846,0.471591565013276
"755",0.871794871794872,0.471591565013276
"756",0.897435897435897,0.471591565013276
"757",0.923076923076923,0.471591565013276
"758",0.948717948717949,0.471591565013276
"759",0.974358974358974,0.471591565013276
"760",1,0.471591565013276
"761",0,0.490822334244045
"762",0.0256410256410256,0.490822334244045
"763",0.0512820512820513,0.490822334244045
"764",0.0769230769230769,0.490822334244045
"765",0.102564102564103,0.490822334244045
"766",0.128205128205128,0.490822334244045
"767",0.153846153846154,0.490822334244045
"768",0.179487179487179,0.490822334244045
"769",0.205128205128205,0.490822334244045
"770",0.230769230769231,0.490822334244045
"771",0.256410256410256,0.490822334244045
"772",0.282051282051282,0.490822334244045
"773",0.307692307692308,0.490822334244045
"774",0.333333333333333,0.490822334244045
"775",0.358974358974359,0.490822334244045
"776",0.384615384615385,0.490822334244045
"777",0.41025641025641,0.490822334244045
"778",0.435897435897436,0.490822334244045
"779",0.461538461538462,0.490822334244045
"780",0.487179487179487,0.490822334244045
"781",0.512820512820513,0.490822334244045
"782",0.538461538461538,0.490822334244045
"783",0.564102564102564,0.490822334244045
"784",0.58974358974359,0.490822334244045
"785",0.615384615384615,0.490822334244045
"786",0.641025641025641,0.490822334244045
"787",0.666666666666667,0.490822334244045
"788",0.692307692307692,0.490822334244045
"789",0.717948717948718,0.490822334244045
"790",0.743589743589744,0.490822334244045
"791",0.769230769230769,0.490822334244045
"792",0.794871794871795,0.490822334244045
"793",0.82051282051282,0.490822334244045
"794",0.846153846153846,0.490822334244045
"795",0.871794871794872,0.490822334244045
"796",0.897435897435897,0.490822334244045
"797",0.923076923076923,0.490822334244045
"798",0.948717948717949,0.490822334244045
"799",0.974358974358974,0.490822334244045
"800",1,0.490822334244045
"801",0,0.510053103474814
"802",0.0256410256410256,0.510053103474814
"803",0.0512820512820513,0.510053103474814
"804",0.0769230769230769,0.510053103474814
"805",0.102564102564103,0.510053103474814
"806",0.128205128205128,0.510053103474814
"807",0.153846153846154,0.510053103474814
"808",0.179487179487179,0.510053103474814
"809",0.205128205128205,0.510053103474814
"810",0.230769230769231,0.510053103474814
"811",0.256410256410256,0.510053103474814
"812",0.282051282051282,0.510053103474814
"813",0.307692307692308,0.510053103474814
"814",0.333333333333333,0.510053103474814
"815",0.358974358974359,0.510053103474814
"816",0.384615384615385,0.510053103474814
"817",0.41025641025641,0.510053103474814
"818",0.435897435897436,0.510053103474814
"819",0.461538461538462,0.510053103474814
"820",0.487179487179487,0.510053103474814
"821",0.512820512820513,0.510053103474814
"822",0.538461538461538,0.510053103474814
"823",0.564102564102564,0.510053103474814
"824",0.58974358974359,0.510053103474814
"825",0.615384615384615,0.510053103474814
"826",0.641025641025641,0.510053103474814
"827",0.666666666666667,0.510053103474814
"828",0.692307692307692,0.510053103474814
"829",0.717948717948718,0.510053103474814
"830",0.743589743589744,0.510053103474814
"831",0.769230769230769,0.510053103474814
"832",0.794871794871795,0.510053103474814
"833",0.82051282051282,0.510053103474814
"834",0.846153846153846,0.510053103474814
"835",0.871794871794872,0.510053103474814
"836",0.897435897435897,0.510053103474814
"837",0.923076923076923,0.510053103474814
"838",0.948717948717949,0.510053103474814
"839",0.974358974358974,0.510053103474814
"840",1,0.510053103474814
"841",0,0.529283872705583
"842",0.0256410256410256,0.529283872705583
"843",0.0512820512820513,0.529283872705583
"844",0.0769230769230769,0.529283872705583
"845",0.102564102564103,0.529283872705583
"846",0.128205128205128,0.529283872705583
"847",0.153846153846154,0.529283872705583
"848",0.179487179487179,0.529283872705583
"849",0.205128205128205,0.529283872705583
"850",0.230769230769231,0.529283872705583
"851",0.256410256410256,0.529283872705583
"852",0.282051282051282,0.529283872705583
"853",0.307692307692308,0.529283872705583
"854",0.333333333333333,0.529283872705583
"855",0.358974358974359,0.529283872705583
"856",0.384615384615385,0.529283872705583
"857",0.41025641025641,0.529283872705583
"858",0.435897435897436,0.529283872705583
"859",0.461538461538462,0.529283872705583
"860",0.487179487179487,0.529283872705583
"861",0.512820512820513,0.529283872705583
"862",0.538461538461538,0.529283872705583
"863",0.564102564102564,0.529283872705583
"864",0.58974358974359,0.529283872705583
"865",0.615384615384615,0.529283872705583
"866",0.641025641025641,0.529283872705583
"867",0.666666666666667,0.529283872705583
"868",0.692307692307692,0.529283872705583
"869",0.717948717948718,0.529283872705583
"870",0.743589743589744,0.529283872705583
"871",0.769230769230769,0.529283872705583
"872",0.794871794871795,0.529283872705583
"873",0.82051282051282,0.529283872705583
"874",0.846153846153846,0.529283872705583
"875",0.871794871794872,0.529283872705583
"876",0.897435897435897,0.529283872705583
"877",0.923076923076923,0.529283872705583
"878",0.948717948717949,0.529283872705583
"879",0.974358974358974,0.529283872705583
"880",1,0.529283872705583
"881",0,0.548514641936353
"882",0.0256410256410256,0.548514641936353
"883",0.0512820512820513,0.548514641936353
"884",0.0769230769230769,0.548514641936353
"885",0.102564102564103,0.548514641936353
"886",0.128205128205128,0.548514641936353
"887",0.153846153846154,0.548514641936353
"888",0.179487179487179,0.548514641936353
"889",0.205128205128205,0.548514641936353
"890",0.230769230769231,0.548514641936353
"891",0.256410256410256,0.548514641936353
"892",0.282051282051282,0.548514641936353
"893",0.307692307692308,0.548514641936353
"894",0.333333333333333,0.548514641936353
"895",0.358974358974359,0.548514641936353
"896",0.384615384615385,0.548514641936353
"897",0.41025641025641,0.548514641936353
"898",0.435897435897436,0.548514641936353
"899",0.461538461538462,0.548514641936353
"900",0.487179487179487,0.548514641936353
"901",0.512820512820513,0.548514641936353
"902",0.538461538461538,0.548514641936353
"903",0.564102564102564,0.548514641936353
"904",0.58974358974359,0.548514641936353
"905",0.615384615384615,0.548514641936353
"906",0.641025641025641,0.548514641936353
"907",0.666666666666667,0.548514641936353
"908",0.692307692307692,0.548514641936353
"909",0.717948717948718,0.548514641936353
"910",0.743589743589744,0.548514641936353
"911",0.769230769230769,0.548514641936353
"912",0.794871794871795,0.548514641936353
"913",0.82051282051282,0.548514641936353
"914",0.846153846153846,0.548514641936353
"915",0.871794871794872,0.548514641936353
"916",0.897435897435897,0.548514641936353
"917",0.923076923076923,0.548514641936353
"918",0.948717948717949,0.548514641936353
"919",0.974358974358974,0.548514641936353
"920",1,0.548514641936353
"921",0,0.567745411167122
"922",0.0256410256410256,0.567745411167122
"923",0.0512820512820513,0.567745411167122
"924",0.0769230769230769,0.567745411167122
"925",0.102564102564103,0.567745411167122
"926",0.128205128205128,0.567745411167122
"927",0.153846153846154,0.567745411167122
"928",0.179487179487179,0.567745411167122
"929",0.205128205128205,0.567745411167122
"930",0.230769230769231,0.567745411167122
"931",0.256410256410256,0.567745411167122
"932",0.282051282051282,0.567745411167122
"933",0.307692307692308,0.567745411167122
"934",0.333333333333333,0.567745411167122
"935",0.358974358974359,0.567745411167122
"936",0.384615384615385,0.567745411167122
"937",0.41025641025641,0.567745411167122
"938",0.435897435897436,0.567745411167122
"939",0.461538461538462,0.567745411167122
"940",0.487179487179487,0.567745411167122
"941",0.512820512820513,0.567745411167122
"942",0.538461538461538,0.567745411167122
"943",0.564102564102564,0.567745411167122
"944",0.58974358974359,0.567745411167122
"945",0.615384615384615,0.567745411167122
"946",0.641025641025641,0.567745411167122
"947",0.666666666666667,0.567745411167122
"948",0.692307692307692,0.567745411167122
"949",0.717948717948718,0.567745411167122
"950",0.743589743589744,0.567745411167122
"951",0.769230769230769,0.567745411167122
"952",0.794871794871795,0.567745411167122
"953",0.82051282051282,0.567745411167122
"954",0.846153846153846,0.567745411167122
"955",0.871794871794872,0.567745411167122
"956",0.897435897435897,0.567745411167122
"957",0.923076923076923,0.567745411167122
"958",0.948717948717949,0.567745411167122
"959",0.974358974358974,0.567745411167122
"960",1,0.567745411167122
"961",0,0.586976180397891
"962",0.0256410256410256,0.586976180397891
"963",0.0512820512820513,0.586976180397891
"964",0.0769230769230769,0.586976180397891
"965",0.102564102564103,0.586976180397891
"966",0.128205128205128,0.586976180397891
"967",0.153846153846154,0.586976180397891
"968",0.179487179487179,0.586976180397891
"969",0.205128205128205,0.586976180397891
"970",0.230769230769231,0.586976180397891
"971",0.256410256410256,0.586976180397891
"972",0.282051282051282,0.586976180397891
"973",0.307692307692308,0.586976180397891
"974",0.333333333333333,0.586976180397891
"975",0.358974358974359,0.586976180397891
"976",0.384615384615385,0.586976180397891
"977",0.41025641025641,0.586976180397891
"978",0.435897435897436,0.586976180397891
"979",0.461538461538462,0.586976180397891
"980",0.487179487179487,0.586976180397891
"981",0.512820512820513,0.586976180397891
"982",0.538461538461538,0.586976180397891
"983",0.564102564102564,0.586976180397891
"984",0.58974358974359,0.586976180397891
"985",0.615384615384615,0.586976180397891
"986",0.641025641025641,0.586976180397891
"987",0.666666666666667,0.586976180397891
"988",0.692307692307692,0.586976180397891
"989",0.717948717948718,0.586976180397891
"990",0.743589743589744,0.586976180397891
"991",0.769230769230769,0.586976180397891
"992",0.794871794871795,0.586976180397891
"993",0.82051282051282,0.586976180397891
"994",0.846153846153846,0.586976180397891
"995",0.871794871794872,0.586976180397891
"996",0.897435897435897,0.586976180397891
"997",0.923076923076923,0.586976180397891
"998",0.948717948717949,0.586976180397891
"999",0.974358974358974,0.586976180397891
"1000",1,0.586976180397891
"1001",0,0.614313567039931
"1002",0.0256410256410256,0.614313567039931
"1003",0.0512820512820513,0.614313567039931
"1004",0.0769230769230769,0.614313567039931
"1005",0.102564102564103,0.614313567039931
"1006",0.128205128205128,0.614313567039931
"1007",0.153846153846154,0.614313567039931
"1008",0.179487179487179,0.614313567039931
"1009",0.205128205128205,0.614313567039931
"1010",0.230769230769231,0.614313567039931
"1011",0.256410256410256,0.614313567039931
"1012",0.282051282051282,0.614313567039931
"1013",0.307692307692308,0.614313567039931
"1014",0.333333333333333,0.614313567039931
"1015",0.358974358974359,0.614313567039931
"1016",0.384615384615385,0.614313567039931
"1017",0.41025641025641,0.614313567039931
"1018",0.435897435897436,0.614313567039931
"1019",0.461538461538462,0.614313567039931
"1020",0.487179487179487,0.614313567039931
"1021",0.512820512820513,0.614313567039931
"1022",0.538461538461538,0.614313567039931
"1023",0.564102564102564,0.614313567039931
"1024",0.58974358974359,0.614313567039931
"1025",0.615384615384615,0.614313567039931
"1026",0.641025641025641,0.614313567039931
"1027",0.666666666666667,0.614313567039931
"1028",0.692307692307692,0.614313567039931
"1029",0.717948717948718,0.614313567039931
"1030",0.743589743589744,0.614313567039931
"1031",0.769230769230769,0.614313567039931
"1032",0.794871794871795,0.614313567039931
"1033",0.82051282051282,0.614313567039931
"1034",0.846153846153846,0.614313567039931
"1035",0.871794871794872,0.614313567039931
"1036",0.897435897435897,0.614313567039931
"1037",0.923076923076923,0.614313567039931
"1038",0.948717948717949,0.614313567039931
"1039",0.974358974358974,0.614313567039931
"1040",1,0.614313567039931
"1041",0,0.646364849091213
"1042",0.0256410256410256,0.646364849091213
"1043",0.0512820512820513,0.646364849091213
"1044",0.0769230769230769,0.646364849091213
"1045",0.102564102564103,0.646364849091213
"1046",0.128205128205128,0.646364849091213
"1047",0.153846153846154,0.646364849091213
"1048",0.179487179487179,0.646364849091213
"1049",0.205128205128205,0.646364849091213
"1050",0.230769230769231,0.646364849091213
"1051",0.256410256410256,0.646364849091213
"1052",0.282051282051282,0.646364849091213
"1053",0.307692307692308,0.646364849091213
"1054",0.333333333333333,0.646364849091213
"1055",0.358974358974359,0.646364849091213
"1056",0.384615384615385,0.646364849091213
"1057",0.41025641025641,0.646364849091213
"1058",0.435897435897436,0.646364849091213
"1059",0.461538461538462,0.646364849091213
"1060",0.487179487179487,0.646364849091213
"1061",0.512820512820513,0.646364849091213
"1062",0.538461538461538,0.646364849091213
"1063",0.564102564102564,0.646364849091213
"1064",0.58974358974359,0.646364849091213
"1065",0.615384615384615,0.646364849091213
"1066",0.641025641025641,0.646364849091213
"1067",0.666666666666667,0.646364849091213
"1068",0.692307692307692,0.646364849091213
"1069",0.717948717948718,0.646364849091213
"1070",0.743589743589744,0.646364849091213
"1071",0.769230769230769,0.646364849091213
"1072",0.794871794871795,0.646364849091213
"1073",0.82051282051282,0.646364849091213
"1074",0.846153846153846,0.646364849091213
"1075",0.871794871794872,0.646364849091213
"1076",0.897435897435897,0.646364849091213
"1077",0.923076923076923,0.646364849091213
"1078",0.948717948717949,0.646364849091213
"1079",0.974358974358974,0.646364849091213
"1080",1,0.646364849091213
"1081",0,0.678416131142495
"1082",0.0256410256410256,0.678416131142495
"1083",0.0512820512820513,0.678416131142495
"1084",0.0769230769230769,0.678416131142495
"1085",0.102564102564103,0.678416131142495
"1086",0.128205128205128,0.678416131142495
"1087",0.153846153846154,0.678416131142495
"1088",0.179487179487179,0.678416131142495
"1089",0.205128205128205,0.678416131142495
"1090",0.230769230769231,0.678416131142495
"1091",0.256410256410256,0.678416131142495
"1092",0.282051282051282,0.678416131142495
"1093",0.307692307692308,0.678416131142495
"1094",0.333333333333333,0.678416131142495
"1095",0.358974358974359,0.678416131142495
"1096",0.384615384615385,0.678416131142495
"1097",0.41025641025641,0.678416131142495
"1098",0.435897435897436,0.678416131142495
"1099",0.461538461538462,0.678416131142495
"1100",0.487179487179487,0.678416131142495
"1101",0.512820512820513,0.678416131142495
"1102",0.538461538461538,0.678416131142495
"1103",0.564102564102564,0.678416131142495
"1104",0.58974358974359,0.678416131142495
"1105",0.615384615384615,0.678416131142495
"1106",0.641025641025641,0.678416131142495
"1107",0.666666666666667,0.678416131142495
"1108",0.692307692307692,0.678416131142495
"1109",0.717948717948718,0.678416131142495
"1110",0.743589743589744,0.678416131142495
"1111",0.769230769230769,0.678416131142495
"1112",0.794871794871795,0.678416131142495
"1113",0.82051282051282,0.678416131142495
"1114",0.846153846153846,0.678416131142495
"1115",0.871794871794872,0.678416131142495
"1116",0.897435897435897,0.678416131142495
"1117",0.923076923076923,0.678416131142495
"1118",0.948717948717949,0.678416131142495
"1119",0.974358974358974,0.678416131142495
"1120",1,0.678416131142495
"1121",0,0.710467413193777
"1122",0.0256410256410256,0.710467413193777
"1123",0.0512820512820513,0.710467413193777
"1124",0.0769230769230769,0.710467413193777
"1125",0.102564102564103,0.710467413193777
"1126",0.128205128205128,0.710467413193777
"1127",0.153846153846154,0.710467413193777
"1128",0.179487179487179,0.710467413193777
"1129",0.205128205128205,0.710467413193777
"1130",0.230769230769231,0.710467413193777
"1131",0.256410256410256,0.710467413193777
"1132",0.282051282051282,0.710467413193777
"1133",0.307692307692308,0.710467413193777
"1134",0.333333333333333,0.710467413193777
"1135",0.358974358974359,0.710467413193777
"1136",0.384615384615385,0.710467413193777
"1137",0.41025641025641,0.710467413193777
"1138",0.435897435897436,0.710467413193777
"1139",0.461538461538462,0.710467413193777
"1140",0.487179487179487,0.710467413193777
"1141",0.512820512820513,0.710467413193777
"1142",0.538461538461538,0.710467413193777
"1143",0.564102564102564,0.710467413193777
"1144",0.58974358974359,0.710467413193777
"1145",0.615384615384615,0.710467413193777
"1146",0.641025641025641,0.710467413193777
"1147",0.666666666666667,0.710467413193777
"1148",0.692307692307692,0.710467413193777
"1149",0.717948717948718,0.710467413193777
"1150",0.743589743589744,0.710467413193777
"1151",0.769230769230769,0.710467413193777
"1152",0.794871794871795,0.710467413193777
"1153",0.82051282051282,0.710467413193777
"1154",0.846153846153846,0.710467413193777
"1155",0.871794871794872,0.710467413193777
"1156",0.897435897435897,0.710467413193777
"1157",0.923076923076923,0.710467413193777
"1158",0.948717948717949,0.710467413193777
"1159",0.974358974358974,0.710467413193777
"1160",1,0.710467413193777
"1161",0,0.742518695245059
"1162",0.0256410256410256,0.742518695245059
"1163",0.0512820512820513,0.742518695245059
"1164",0.0769230769230769,0.742518695245059
"1165",0.102564102564103,0.742518695245059
"1166",0.128205128205128,0.742518695245059
"1167",0.153846153846154,0.742518695245059
"1168",0.179487179487179,0.742518695245059
"1169",0.205128205128205,0.742518695245059
"1170",0.230769230769231,0.742518695245059
"1171",0.256410256410256,0.742518695245059
"1172",0.282051282051282,0.742518695245059
"1173",0.307692307692308,0.742518695245059
"1174",0.333333333333333,0.742518695245059
"1175",0.358974358974359,0.742518695245059
"1176",0.384615384615385,0.742518695245059
"1177",0.41025641025641,0.742518695245059
"1178",0.435897435897436,0.742518695245059
"1179",0.461538461538462,0.742518695245059
"1180",0.487179487179487,0.742518695245059
"1181",0.512820512820513,0.742518695245059
"1182",0.538461538461538,0.742518695245059
"1183",0.564102564102564,0.742518695245059
"1184",0.58974358974359,0.742518695245059
"1185",0.615384615384615,0.742518695245059
"1186",0.641025641025641,0.742518695245059
"1187",0.666666666666667,0.742518695245059
"1188",0.692307692307692,0.742518695245059
"1189",0.717948717948718,0.742518695245059
"1190",0.743589743589744,0.742518695245059
"1191",0.769230769230769,0.742518695245059
"1192",0.794871794871795,0.742518695245059
"1193",0.82051282051282,0.742518695245059
"1194",0.846153846153846,0.742518695245059
"1195",0.871794871794872,0.742518695245059
"1196",0.897435897435897,0.742518695245059
"1197",0.923076923076923,0.742518695245059
"1198",0.948717948717949,0.742518695245059
"1199",0.974358974358974,0.742518695245059
"1200",1,0.742518695245059
"1201",0,0.774569977296341
"1202",0.0256410256410256,0.774569977296341
"1203",0.0512820512820513,0.774569977296341
"1204",0.0769230769230769,0.774569977296341
"1205",0.102564102564103,0.774569977296341
"1206",0.128205128205128,0.774569977296341
"1207",0.153846153846154,0.774569977296341
"1208",0.179487179487179,0.774569977296341
"1209",0.205128205128205,0.774569977296341
"1210",0.230769230769231,0.774569977296341
"1211",0.256410256410256,0.774569977296341
"1212",0.282051282051282,0.774569977296341
"1213",0.307692307692308,0.774569977296341
"1214",0.333333333333333,0.774569977296341
"1215",0.358974358974359,0.774569977296341
"1216",0.384615384615385,0.774569977296341
"1217",0.41025641025641,0.774569977296341
"1218",0.435897435897436,0.774569977296341
"1219",0.461538461538462,0.774569977296341
"1220",0.487179487179487,0.774569977296341
"1221",0.512820512820513,0.774569977296341
"1222",0.538461538461538,0.774569977296341
"1223",0.564102564102564,0.774569977296341
"1224",0.58974358974359,0.774569977296341
"1225",0.615384615384615,0.774569977296341
"1226",0.641025641025641,0.774569977296341
"1227",0.666666666666667,0.774569977296341
"1228",0.692307692307692,0.774569977296341
"1229",0.717948717948718,0.774569977296341
"1230",0.743589743589744,0.774569977296341
"1231",0.769230769230769,0.774569977296341
"1232",0.794871794871795,0.774569977296341
"1233",0.82051282051282,0.774569977296341
"1234",0.846153846153846,0.774569977296341
"1235",0.871794871794872,0.774569977296341
"1236",0.897435897435897,0.774569977296341
"1237",0.923076923076923,0.774569977296341
"1238",0.948717948717949,0.774569977296341
"1239",0.974358974358974,0.774569977296341
"1240",1,0.774569977296341
"1241",0,0.806621259347623
"1242",0.0256410256410256,0.806621259347623
"1243",0.0512820512820513,0.806621259347623
"1244",0.0769230769230769,0.806621259347623
"1245",0.102564102564103,0.806621259347623
"1246",0.128205128205128,0.806621259347623
"1247",0.153846153846154,0.806621259347623
"1248",0.179487179487179,0.806621259347623
"1249",0.205128205128205,0.806621259347623
"1250",0.230769230769231,0.806621259347623
"1251",0.256410256410256,0.806621259347623
"1252",0.282051282051282,0.806621259347623
"1253",0.307692307692308,0.806621259347623
"1254",0.333333333333333,0.806621259347623
"1255",0.358974358974359,0.806621259347623
"1256",0.384615384615385,0.806621259347623
"1257",0.41025641025641,0.806621259347623
"1258",0.435897435897436,0.806621259347623
"1259",0.461538461538462,0.806621259347623
"1260",0.487179487179487,0.806621259347623
"1261",0.512820512820513,0.806621259347623
"1262",0.538461538461538,0.806621259347623
"1263",0.564102564102564,0.806621259347623
"1264",0.58974358974359,0.806621259347623
"1265",0.615384615384615,0.806621259347623
"1266",0.641025641025641,0.806621259347623
"1267",0.666666666666667,0.806621259347623
"1268",0.692307692307692,0.806621259347623
"1269",0.717948717948718,0.806621259347623
"1270",0.743589743589744,0.806621259347623
"1271",0.769230769230769,0.806621259347623
"1272",0.794871794871795,0.806621259347623
"1273",0.82051282051282,0.806621259347623
"1274",0.846153846153846,0.806621259347623
"1275",0.871794871794872,0.806621259347623
"1276",0.897435897435897,0.806621259347623
"1277",0.923076923076923,0.806621259347623
"1278",0.948717948717949,0.806621259347623
"1279",0.974358974358974,0.806621259347623
"1280",1,0.806621259347623
"1281",0,0.838672541398905
"1282",0.0256410256410256,0.838672541398905
"1283",0.0512820512820513,0.838672541398905
"1284",0.0769230769230769,0.838672541398905
"1285",0.102564102564103,0.838672541398905
"1286",0.128205128205128,0.838672541398905
"1287",0.153846153846154,0.838672541398905
"1288",0.179487179487179,0.838672541398905
"1289",0.205128205128205,0.838672541398905
"1290",0.230769230769231,0.838672541398905
"1291",0.256410256410256,0.838672541398905
"1292",0.282051282051282,0.838672541398905
"1293",0.307692307692308,0.838672541398905
"1294",0.333333333333333,0.838672541398905
"1295",0.358974358974359,0.838672541398905
"1296",0.384615384615385,0.838672541398905
"1297",0.41025641025641,0.838672541398905
"1298",0.435897435897436,0.838672541398905
"1299",0.461538461538462,0.838672541398905
"1300",0.487179487179487,0.838672541398905
"1301",0.512820512820513,0.838672541398905
"1302",0.538461538461538,0.838672541398905
"1303",0.564102564102564,0.838672541398905
"1304",0.58974358974359,0.838672541398905
"1305",0.615384615384615,0.838672541398905
"1306",0.641025641025641,0.838672541398905
"1307",0.666666666666667,0.838672541398905
"1308",0.692307692307692,0.838672541398905
"1309",0.717948717948718,0.838672541398905
"1310",0.743589743589744,0.838672541398905
"1311",0.769230769230769,0.838672541398905
"1312",0.794871794871795,0.838672541398905
"1313",0.82051282051282,0.838672541398905
"1314",0.846153846153846,0.838672541398905
"1315",0.871794871794872,0.838672541398905
"1316",0.897435897435897,0.838672541398905
"1317",0.923076923076923,0.838672541398905
"1318",0.948717948717949,0.838672541398905
"1319",0.974358974358974,0.838672541398905
"1320",1,0.838672541398905
"1321",0,0.870723823450188
"1322",0.0256410256410256,0.870723823450188
"1323",0.0512820512820513,0.870723823450188
"1324",0.0769230769230769,0.870723823450188
"1325",0.102564102564103,0.870723823450188
"1326",0.128205128205128,0.870723823450188
"1327",0.153846153846154,0.870723823450188
"1328",0.179487179487179,0.870723823450188
"1329",0.205128205128205,0.870723823450188
"1330",0.230769230769231,0.870723823450188
"1331",0.256410256410256,0.870723823450188
"1332",0.282051282051282,0.870723823450188
"1333",0.307692307692308,0.870723823450188
"1334",0.333333333333333,0.870723823450188
"1335",0.358974358974359,0.870723823450188
"1336",0.384615384615385,0.870723823450188
"1337",0.41025641025641,0.870723823450188
"1338",0.435897435897436,0.870723823450188
"1339",0.461538461538462,0.870723823450188
"1340",0.487179487179487,0.870723823450188
"1341",0.512820512820513,0.870723823450188
"1342",0.538461538461538,0.870723823450188
"1343",0.564102564102564,0.870723823450188
"1344",0.58974358974359,0.870723823450188
"1345",0.615384615384615,0.870723823450188
"1346",0.641025641025641,0.870723823450188
"1347",0.666666666666667,0.870723823450188
"1348",0.692307692307692,0.870723823450188
"1349",0.717948717948718,0.870723823450188
"1350",0.743589743589744,0.870723823450188
"1351",0.769230769230769,0.870723823450188
"1352",0.794871794871795,0.870723823450188
"1353",0.82051282051282,0.870723823450188
"1354",0.846153846153846,0.870723823450188
"1355",0.871794871794872,0.870723823450188
"1356",0.897435897435897,0.870723823450188
"1357",0.923076923076923,0.870723823450188
"1358",0.948717948717949,0.870723823450188
"1359",0.974358974358974,0.870723823450188
"1360",1,0.870723823450188
"1361",0,0.90277510550147
"1362",0.0256410256410256,0.90277510550147
"1363",0.0512820512820513,0.90277510550147
"1364",0.0769230769230769,0.90277510550147
"1365",0.102564102564103,0.90277510550147
"1366",0.128205128205128,0.90277510550147
"1367",0.153846153846154,0.90277510550147
"1368",0.179487179487179,0.90277510550147
"1369",0.205128205128205,0.90277510550147
"1370",0.230769230769231,0.90277510550147
"1371",0.256410256410256,0.90277510550147
"1372",0.282051282051282,0.90277510550147
"1373",0.307692307692308,0.90277510550147
"1374",0.333333333333333,0.90277510550147
"1375",0.358974358974359,0.90277510550147
"1376",0.384615384615385,0.90277510550147
"1377",0.41025641025641,0.90277510550147
"1378",0.435897435897436,0.90277510550147
"1379",0.461538461538462,0.90277510550147
"1380",0.487179487179487,0.90277510550147
"1381",0.512820512820513,0.90277510550147
"1382",0.538461538461538,0.90277510550147
"1383",0.564102564102564,0.90277510550147
"1384",0.58974358974359,0.90277510550147
"1385",0.615384615384615,0.90277510550147
"1386",0.641025641025641,0.90277510550147
"1387",0.666666666666667,0.90277510550147
"1388",0.692307692307692,0.90277510550147
"1389",0.717948717948718,0.90277510550147
"1390",0.743589743589744,0.90277510550147
"1391",0.769230769230769,0.90277510550147
"1392",0.794871794871795,0.90277510550147
"1393",0.82051282051282,0.90277510550147
"1394",0.846153846153846,0.90277510550147
"1395",0.871794871794872,0.90277510550147
"1396",0.897435897435897,0.90277510550147
"1397",0.923076923076923,0.90277510550147
"1398",0.948717948717949,0.90277510550147
"1399",0.974358974358974,0.90277510550147
"1400",1,0.90277510550147
"1401",0,0.923577173201986
"1402",0.0256410256410256,0.923577173201986
"1403",0.0512820512820513,0.923577173201986
"1404",0.0769230769230769,0.923577173201986
"1405",0.102564102564103,0.923577173201986
"1406",0.128205128205128,0.923577173201986
"1407",0.153846153846154,0.923577173201986
"1408",0.179487179487179,0.923577173201986
"1409",0.205128205128205,0.923577173201986
"1410",0.230769230769231,0.923577173201986
"1411",0.256410256410256,0.923577173201986
"1412",0.282051282051282,0.923577173201986
"1413",0.307692307692308,0.923577173201986
"1414",0.333333333333333,0.923577173201986
"1415",0.358974358974359,0.923577173201986
"1416",0.384615384615385,0.923577173201986
"1417",0.41025641025641,0.923577173201986
"1418",0.435897435897436,0.923577173201986
"1419",0.461538461538462,0.923577173201986
"1420",0.487179487179487,0.923577173201986
"1421",0.512820512820513,0.923577173201986
"1422",0.538461538461538,0.923577173201986
"1423",0.564102564102564,0.923577173201986
"1424",0.58974358974359,0.923577173201986
"1425",0.615384615384615,0.923577173201986
"1426",0.641025641025641,0.923577173201986
"1427",0.666666666666667,0.923577173201986
"1428",0.692307692307692,0.923577173201986
"1429",0.717948717948718,0.923577173201986
"1430",0.743589743589744,0.923577173201986
"1431",0.769230769230769,0.923577173201986
"1432",0.794871794871795,0.923577173201986
"1433",0.82051282051282,0.923577173201986
"1434",0.846153846153846,0.923577173201986
"1435",0.871794871794872,0.923577173201986
"1436",0.897435897435897,0.923577173201986
"1437",0.923076923076923,0.923577173201986
"1438",0.948717948717949,0.923577173201986
"1439",0.974358974358974,0.923577173201986
"1440",1,0.923577173201986
"1441",0,0.942807942432755
"1442",0.0256410256410256,0.942807942432755
"1443",0.0512820512820513,0.942807942432755
"1444",0.0769230769230769,0.942807942432755
"1445",0.102564102564103,0.942807942432755
"1446",0.128205128205128,0.942807942432755
"1447",0.153846153846154,0.942807942432755
"1448",0.179487179487179,0.942807942432755
"1449",0.205128205128205,0.942807942432755
"1450",0.230769230769231,0.942807942432755
"1451",0.256410256410256,0.942807942432755
"1452",0.282051282051282,0.942807942432755
"1453",0.307692307692308,0.942807942432755
"1454",0.333333333333333,0.942807942432755
"1455",0.358974358974359,0.942807942432755
"1456",0.384615384615385,0.942807942432755
"1457",0.41025641025641,0.942807942432755
"1458",0.435897435897436,0.942807942432755
"1459",0.461538461538462,0.942807942432755
"1460",0.487179487179487,0.942807942432755
"1461",0.512820512820513,0.942807942432755
"1462",0.538461538461538,0.942807942432755
"1463",0.564102564102564,0.942807942432755
"1464",0.58974358974359,0.942807942432755
"1465",0.615384615384615,0.942807942432755
"1466",0.641025641025641,0.942807942432755
"1467",0.666666666666667,0.942807942432755
"1468",0.692307692307692,0.942807942432755
"1469",0.717948717948718,0.942807942432755
"1470",0.743589743589744,0.942807942432755
"1471",0.769230769230769,0.942807942432755
"1472",0.794871794871795,0.942807942432755
"1473",0.82051282051282,0.942807942432755
"1474",0.846153846153846,0.942807942432755
"1475",0.871794871794872,0.942807942432755
"1476",0.897435897435897,0.942807942432755
"1477",0.923076923076923,0.942807942432755
"1478",0.948717948717949,0.942807942432755
"1479",0.974358974358974,0.942807942432755
"1480",1,0.942807942432755
"1481",0,0.962038711663525
"1482",0.0256410256410256,0.962038711663525
"1483",0.0512820512820513,0.962038711663525
"1484",0.0769230769230769,0.962038711663525
"1485",0.102564102564103,0.962038711663525
"1486",0.128205128205128,0.962038711663525
"1487",0.153846153846154,0.962038711663525
"1488",0.179487179487179,0.962038711663525
"1489",0.205128205128205,0.962038711663525
"1490",0.230769230769231,0.962038711663525
"1491",0.256410256410256,0.962038711663525
"1492",0.282051282051282,0.962038711663525
"1493",0.307692307692308,0.962038711663525
"1494",0.333333333333333,0.962038711663525
"1495",0.358974358974359,0.962038711663525
"1496",0.384615384615385,0.962038711663525
"1497",0.41025641025641,0.962038711663525
"1498",0.435897435897436,0.962038711663525
"1499",0.461538461538462,0.962038711663525
"1500",0.487179487179487,0.962038711663525
"1501",0.512820512820513,0.962038711663525
"1502",0.538461538461538,0.962038711663525
"1503",0.564102564102564,0.962038711663525
"1504",0.58974358974359,0.962038711663525
"1505",0.615384615384615,0.962038711663525
"1506",0.641025641025641,0.962038711663525
"1507",0.666666666666667,0.962038711663525
"1508",0.692307692307692,0.962038711663525
"1509",0.717948717948718,0.962038711663525
"1510",0.743589743589744,0.962038711663525
"1511",0.769230769230769,0.962038711663525
"1512",0.794871794871795,0.962038711663525
"1513",0.82051282051282,0.962038711663525
"1514",0.846153846153846,0.962038711663525
"1515",0.871794871794872,0.962038711663525
"1516",0.897435897435897,0.962038711663525
"1517",0.923076923076923,0.962038711663525
"1518",0.948717948717949,0.962038711663525
"1519",0.974358974358974,0.962038711663525
"1520",1,0.962038711663525
"1521",0,0.981269480894294
"1522",0.0256410256410256,0.981269480894294
"1523",0.0512820512820513,0.981269480894294
"1524",0.0769230769230769,0.981269480894294
"1525",0.102564102564103,0.981269480894294
"1526",0.128205128205128,0.981269480894294
"1527",0.153846153846154,0.981269480894294
"1528",0.179487179487179,0.981269480894294
"1529",0.205128205128205,0.981269480894294
"1530",0.230769230769231,0.981269480894294
"1531",0.256410256410256,0.981269480894294
"1532",0.282051282051282,0.981269480894294
"1533",0.307692307692308,0.981269480894294
"1534",0.333333333333333,0.981269480894294
"1535",0.358974358974359,0.981269480894294
"1536",0.384615384615385,0.981269480894294
"1537",0.41025641025641,0.981269480894294
"1538",0.435897435897436,0.981269480894294
"1539",0.461538461538462,0.981269480894294
"1540",0.487179487179487,0.981269480894294
"1541",0.512820512820513,0.981269480894294
"1542",0.538461538461538,0.981269480894294
"1543",0.564102564102564,0.981269480894294
"1544",0.58974358974359,0.981269480894294
"1545",0.615384615384615,0.981269480894294
"1546",0.641025641025641,0.981269480894294
"1547",0.666666666666667,0.981269480894294
"1548",0.692307692307692,0.981269480894294
"1549",0.717948717948718,0.981269480894294
"1550",0.743589743589744,0.981269480894294
"1551",0.769230769230769,0.981269480894294
"1552",0.794871794871795,0.981269480894294
"1553",0.82051282051282,0.981269480894294
"1554",0.846153846153846,0.981269480894294
"1555",0.871794871794872,0.981269480894294
"1556",0.897435897435897,0.981269480894294
"1557",0.923076923076923,0.981269480894294
"1558",0.948717948717949,0.981269480894294
"1559",0.974358974358974,0.981269480894294
"1560",1,0.981269480894294
"1561",0,1.00050025012506
"1562",0.0256410256410256,1.00050025012506
"1563",0.0512820512820513,1.00050025012506
"1564",0.0769230769230769,1.00050025012506
"1565",0.102564102564103,1.00050025012506
"1566",0.128205128205128,1.00050025012506
"1567",0.153846153846154,1.00050025012506
"1568",0.179487179487179,1.00050025012506
"1569",0.205128205128205,1.00050025012506
"1570",0.230769230769231,1.00050025012506
"1571",0.256410256410256,1.00050025012506
"1572",0.282051282051282,1.00050025012506
"1573",0.307692307692308,1.00050025012506
"1574",0.333333333333333,1.00050025012506
"1575",0.358974358974359,1.00050025012506
"1576",0.384615384615385,1.00050025012506
"1577",0.41025641025641,1.00050025012506
"1578",0.435897435897436,1.00050025012506
"1579",0.461538461538462,1.00050025012506
"1580",0.487179487179487,1.00050025012506
"1581",0.512820512820513,1.00050025012506
"1582",0.538461538461538,1.00050025012506
"1583",0.564102564102564,1.00050025012506
"1584",0.58974358974359,1.00050025012506
"1585",0.615384615384615,1.00050025012506
"1586",0.641025641025641,1.00050025012506
"1587",0.666666666666667,1.00050025012506
"1588",0.692307692307692,1.00050025012506
"1589",0.717948717948718,1.00050025012506
"1590",0.743589743589744,1.00050025012506
"1591",0.769230769230769,1.00050025012506
"1592",0.794871794871795,1.00050025012506
"1593",0.82051282051282,1.00050025012506
"1594",0.846153846153846,1.00050025012506
"1595",0.871794871794872,1.00050025012506
"1596",0.897435897435897,1.00050025012506
"1597",0.923076923076923,1.00050025012506
"1598",0.948717948717949,1.00050025012506
"1599",0.974358974358974,1.00050025012506
"1600",1,1.00050025012506
